"COUNTRY","Country","SERIES","Series","TIME","Time","Unit Code","Unit","PowerCode Code","PowerCode","Reference Period Code","Reference Period","Value","Flag Codes","Flags"
"AUT","Austria","CPNCU","Current prices in NCU","2009","2009","EUR","Euro","0","Units",,,35979.1831521114,,
"AUT","Austria","CPNCU","Current prices in NCU","2010","2010","EUR","Euro","0","Units",,,36437.4269224414,,
"AUT","Austria","CPNCU","Current prices in NCU","2011","2011","EUR","Euro","0","Units",,,37173.2171304394,,
"AUT","Austria","CPNCU","Current prices in NCU","2012","2012","EUR","Euro","0","Units",,,38277.9595606682,,
"AUT","Austria","CPNCU","Current prices in NCU","2013","2013","EUR","Euro","0","Units",,,39125.5692893476,,
"AUT","Austria","CPNCU","Current prices in NCU","2014","2014","EUR","Euro","0","Units",,,40054.5827829655,,
"AUT","Austria","CPNCU","Current prices in NCU","2015","2015","EUR","Euro","0","Units",,,40926.983215497,,
"AUT","Austria","CPNCU","Current prices in NCU","2016","2016","EUR","Euro","0","Units",,,41906.2487807051,,
"AUT","Austria","CPNCU","Current prices in NCU","2017","2017","EUR","Euro","0","Units",,,42627.7654483313,,
"AUT","Austria","CPNCU","Current prices in NCU","2018","2018","EUR","Euro","0","Units",,,43654.9107740574,,
"AUT","Austria","CPNCU","Current prices in NCU","2019","2019","EUR","Euro","0","Units",,,44766.6853367327,,
"AUT","Austria","CPNCU","Current prices in NCU","2020","2020","EUR","Euro","0","Units",,,44788.7126804314,,
"BEL","Belgium","CPNCU","Current prices in NCU","2009","2009","EUR","Euro","0","Units",,,38676.8066843776,,
"BEL","Belgium","CPNCU","Current prices in NCU","2010","2010","EUR","Euro","0","Units",,,39239.7823757821,,
"BEL","Belgium","CPNCU","Current prices in NCU","2011","2011","EUR","Euro","0","Units",,,40771.232312394,,
"BEL","Belgium","CPNCU","Current prices in NCU","2012","2012","EUR","Euro","0","Units",,,41922.1070950766,,
"BEL","Belgium","CPNCU","Current prices in NCU","2013","2013","EUR","Euro","0","Units",,,42794.1965294832,,
"BEL","Belgium","CPNCU","Current prices in NCU","2014","2014","EUR","Euro","0","Units",,,43351.9976555877,,
"BEL","Belgium","CPNCU","Current prices in NCU","2015","2015","EUR","Euro","0","Units",,,43425.1560556743,,
"BEL","Belgium","CPNCU","Current prices in NCU","2016","2016","EUR","Euro","0","Units",,,44164.5634384265,,
"BEL","Belgium","CPNCU","Current prices in NCU","2017","2017","EUR","Euro","0","Units",,,44696.7740364209,,
"BEL","Belgium","CPNCU","Current prices in NCU","2018","2018","EUR","Euro","0","Units",,,45840.7857743112,,
"BEL","Belgium","CPNCU","Current prices in NCU","2019","2019","EUR","Euro","0","Units",,,46948.1003895357,,
"BEL","Belgium","CPNCU","Current prices in NCU","2020","2020","EUR","Euro","0","Units",,,45832.5802235337,,
"CZE","Czech Republic","CPNCU","Current prices in NCU","2009","2009","CZK","Czech Koruna","0","Units",,,292657.003160429,,
"CZE","Czech Republic","CPNCU","Current prices in NCU","2010","2010","CZK","Czech Koruna","0","Units",,,303125.333646479,,
"CZE","Czech Republic","CPNCU","Current prices in NCU","2011","2011","CZK","Czech Koruna","0","Units",,,310844.016411147,,
"CZE","Czech Republic","CPNCU","Current prices in NCU","2012","2012","CZK","Czech Koruna","0","Units",,,318181.555668437,,
"CZE","Czech Republic","CPNCU","Current prices in NCU","2013","2013","CZK","Czech Koruna","0","Units",,,318402.503481924,,
"CZE","Czech Republic","CPNCU","Current prices in NCU","2014","2014","CZK","Czech Koruna","0","Units",,,327885.867715544,,
"CZE","Czech Republic","CPNCU","Current prices in NCU","2015","2015","CZK","Czech Koruna","0","Units",,,337642.41358242,,
"CZE","Czech Republic","CPNCU","Current prices in NCU","2016","2016","CZK","Czech Koruna","0","Units",,,351080.89622829,,
"CZE","Czech Republic","CPNCU","Current prices in NCU","2017","2017","CZK","Czech Koruna","0","Units",,,377614.646310372,,
"CZE","Czech Republic","CPNCU","Current prices in NCU","2018","2018","CZK","Czech Koruna","0","Units",,,407796.42868892,,
"CZE","Czech Republic","CPNCU","Current prices in NCU","2019","2019","CZK","Czech Koruna","0","Units",,,432564.379792896,,
"CZE","Czech Republic","CPNCU","Current prices in NCU","2020","2020","CZK","Czech Koruna","0","Units",,,437975.324701025,,
"DNK","Denmark","CPNCU","Current prices in NCU","2009","2009","DKK","Danish Krone","0","Units",,,369032.953977034,,
"DNK","Denmark","CPNCU","Current prices in NCU","2010","2010","DKK","Danish Krone","0","Units",,,382509.394590747,,
"DNK","Denmark","CPNCU","Current prices in NCU","2011","2011","DKK","Danish Krone","0","Units",,,389462.285394014,,
"DNK","Denmark","CPNCU","Current prices in NCU","2012","2012","DKK","Danish Krone","0","Units",,,398104.934335055,,
"DNK","Denmark","CPNCU","Current prices in NCU","2013","2013","DKK","Danish Krone","0","Units",,,403942.255787006,,
"DNK","Denmark","CPNCU","Current prices in NCU","2014","2014","DKK","Danish Krone","0","Units",,,414155.457709432,,
"DNK","Denmark","CPNCU","Current prices in NCU","2015","2015","DKK","Danish Krone","0","Units",,,423072.855190252,,
"DNK","Denmark","CPNCU","Current prices in NCU","2016","2016","DKK","Danish Krone","0","Units",,,424201.602078582,,
"DNK","Denmark","CPNCU","Current prices in NCU","2017","2017","DKK","Danish Krone","0","Units",,,430909.966873213,,
"DNK","Denmark","CPNCU","Current prices in NCU","2018","2018","DKK","Danish Krone","0","Units",,,437645.569543849,,
"DNK","Denmark","CPNCU","Current prices in NCU","2019","2019","DKK","Danish Krone","0","Units",,,442580.86951215,,
"DNK","Denmark","CPNCU","Current prices in NCU","2020","2020","DKK","Danish Krone","0","Units",,,447520.944312762,,
"FIN","Finland","CPNCU","Current prices in NCU","2009","2009","EUR","Euro","0","Units",,,35400.8234113759,,
"FIN","Finland","CPNCU","Current prices in NCU","2010","2010","EUR","Euro","0","Units",,,36412.6698223984,,
"FIN","Finland","CPNCU","Current prices in NCU","2011","2011","EUR","Euro","0","Units",,,37637.1117244606,,
"FIN","Finland","CPNCU","Current prices in NCU","2012","2012","EUR","Euro","0","Units",,,38738.2196517327,,
"FIN","Finland","CPNCU","Current prices in NCU","2013","2013","EUR","Euro","0","Units",,,39292.7180181374,,
"FIN","Finland","CPNCU","Current prices in NCU","2014","2014","EUR","Euro","0","Units",,,39795.5173050463,,
"FIN","Finland","CPNCU","Current prices in NCU","2015","2015","EUR","Euro","0","Units",,,40297.0452898599,,
"FIN","Finland","CPNCU","Current prices in NCU","2016","2016","EUR","Euro","0","Units",,,40731.2297753434,,
"FIN","Finland","CPNCU","Current prices in NCU","2017","2017","EUR","Euro","0","Units",,,40924.6700668684,,
"FIN","Finland","CPNCU","Current prices in NCU","2018","2018","EUR","Euro","0","Units",,,41763.334076127,,
"FIN","Finland","CPNCU","Current prices in NCU","2019","2019","EUR","Euro","0","Units",,,42618.5101806077,,
"FIN","Finland","CPNCU","Current prices in NCU","2020","2020","EUR","Euro","0","Units",,,42769.009492092,,
"FRA","France","CPNCU","Current prices in NCU","2009","2009","EUR","Euro","0","Units",,,32956.7505085747,,
"FRA","France","CPNCU","Current prices in NCU","2010","2010","EUR","Euro","0","Units",,,33992.964065117,,
"FRA","France","CPNCU","Current prices in NCU","2011","2011","EUR","Euro","0","Units",,,34562.4231906349,,
"FRA","France","CPNCU","Current prices in NCU","2012","2012","EUR","Euro","0","Units",,,35290.4124787974,,
"FRA","France","CPNCU","Current prices in NCU","2013","2013","EUR","Euro","0","Units",,,35834.5946801646,,
"FRA","France","CPNCU","Current prices in NCU","2014","2014","EUR","Euro","0","Units",,,36123.8681452612,,
"FRA","France","CPNCU","Current prices in NCU","2015","2015","EUR","Euro","0","Units",,,36580.0534717147,,
"FRA","France","CPNCU","Current prices in NCU","2016","2016","EUR","Euro","0","Units",,,37095.8585727489,,
"FRA","France","CPNCU","Current prices in NCU","2017","2017","EUR","Euro","0","Units",,,37915.8758566428,,
"FRA","France","CPNCU","Current prices in NCU","2018","2018","EUR","Euro","0","Units",,,38556.1575193363,,
"FRA","France","CPNCU","Current prices in NCU","2019","2019","EUR","Euro","0","Units",,,39117.2355463615,,
"FRA","France","CPNCU","Current prices in NCU","2020","2020","EUR","Euro","0","Units",,,38077.8014997926,,
"DEU","Germany","CPNCU","Current prices in NCU","2009","2009","EUR","Euro","0","Units",,,32366.1191267014,,
"DEU","Germany","CPNCU","Current prices in NCU","2010","2010","EUR","Euro","0","Units",,,33190.7013678574,,
"DEU","Germany","CPNCU","Current prices in NCU","2011","2011","EUR","Euro","0","Units",,,34475.8761804334,,
"DEU","Germany","CPNCU","Current prices in NCU","2012","2012","EUR","Euro","0","Units",,,35429.3916349528,,
"DEU","Germany","CPNCU","Current prices in NCU","2013","2013","EUR","Euro","0","Units",,,36272.2849655765,,
"DEU","Germany","CPNCU","Current prices in NCU","2014","2014","EUR","Euro","0","Units",,,37227.0247149908,,
"DEU","Germany","CPNCU","Current prices in NCU","2015","2015","EUR","Euro","0","Units",,,38308.4009836309,,
"DEU","Germany","CPNCU","Current prices in NCU","2016","2016","EUR","Euro","0","Units",,,39128.3466344212,,
"DEU","Germany","CPNCU","Current prices in NCU","2017","2017","EUR","Euro","0","Units",,,40140.5166581804,,
"DEU","Germany","CPNCU","Current prices in NCU","2018","2018","EUR","Euro","0","Units",,,41320.4259995521,,
"DEU","Germany","CPNCU","Current prices in NCU","2019","2019","EUR","Euro","0","Units",,,42523.8543216387,,
"DEU","Germany","CPNCU","Current prices in NCU","2020","2020","EUR","Euro","0","Units",,,42593.1263713466,,
"GRC","Greece","CPNCU","Current prices in NCU","2009","2009","EUR","Euro","0","Units",,,22113.1944101163,,
"GRC","Greece","CPNCU","Current prices in NCU","2010","2010","EUR","Euro","0","Units",,,21026.6146062122,,
"GRC","Greece","CPNCU","Current prices in NCU","2011","2011","EUR","Euro","0","Units",,,20275.7700546452,,
"GRC","Greece","CPNCU","Current prices in NCU","2012","2012","EUR","Euro","0","Units",,,19277.9729129147,,
"GRC","Greece","CPNCU","Current prices in NCU","2013","2013","EUR","Euro","0","Units",,,17707.6509316597,,
"GRC","Greece","CPNCU","Current prices in NCU","2014","2014","EUR","Euro","0","Units",,,17214.1258301278,,
"GRC","Greece","CPNCU","Current prices in NCU","2015","2015","EUR","Euro","0","Units",,,17164.1781706452,,
"GRC","Greece","CPNCU","Current prices in NCU","2016","2016","EUR","Euro","0","Units",,,16619.024523483,,
"GRC","Greece","CPNCU","Current prices in NCU","2017","2017","EUR","Euro","0","Units",,,16787.0814793777,,
"GRC","Greece","CPNCU","Current prices in NCU","2018","2018","EUR","Euro","0","Units",,,16951.4944399854,,
"GRC","Greece","CPNCU","Current prices in NCU","2019","2019","EUR","Euro","0","Units",,,17195.4503898273,,
"GRC","Greece","CPNCU","Current prices in NCU","2020","2020","EUR","Euro","0","Units",,,17098.5787972693,,
"HUN","Hungary","CPNCU","Current prices in NCU","2009","2009","HUF","Forint","0","Units",,,2605594.55253398,,
"HUN","Hungary","CPNCU","Current prices in NCU","2010","2010","HUF","Forint","0","Units",,,2728519.30476441,,
"HUN","Hungary","CPNCU","Current prices in NCU","2011","2011","HUF","Forint","0","Units",,,2857134.85414481,,
"HUN","Hungary","CPNCU","Current prices in NCU","2012","2012","HUF","Forint","0","Units",,,2918580.4090094,,
"HUN","Hungary","CPNCU","Current prices in NCU","2013","2013","HUF","Forint","0","Units",,,2938156.8074089,,
"HUN","Hungary","CPNCU","Current prices in NCU","2014","2014","HUF","Forint","0","Units",,,2938044.76841534,,
"HUN","Hungary","CPNCU","Current prices in NCU","2015","2015","HUF","Forint","0","Units",,,2976474.87454314,,
"HUN","Hungary","CPNCU","Current prices in NCU","2016","2016","HUF","Forint","0","Units",,,3033382.17273007,,
"HUN","Hungary","CPNCU","Current prices in NCU","2017","2017","HUF","Forint","0","Units",,,3360856.55579299,,
"HUN","Hungary","CPNCU","Current prices in NCU","2018","2018","HUF","Forint","0","Units",,,3646472.69784845,,
"HUN","Hungary","CPNCU","Current prices in NCU","2019","2019","HUF","Forint","0","Units",,,3927121.11143547,,
"HUN","Hungary","CPNCU","Current prices in NCU","2020","2020","HUF","Forint","0","Units",,,4209324.39098576,,
"IRL","Ireland","CPNCU","Current prices in NCU","2009","2009","EUR","Euro","0","Units",,,44666.0516515164,,
"IRL","Ireland","CPNCU","Current prices in NCU","2010","2010","EUR","Euro","0","Units",,,44176.6906570605,,
"IRL","Ireland","CPNCU","Current prices in NCU","2011","2011","EUR","Euro","0","Units",,,44159.3785433979,,
"IRL","Ireland","CPNCU","Current prices in NCU","2012","2012","EUR","Euro","0","Units",,,44280.4510179912,,
"IRL","Ireland","CPNCU","Current prices in NCU","2013","2013","EUR","Euro","0","Units",,,43599.0451576298,,
"IRL","Ireland","CPNCU","Current prices in NCU","2014","2014","EUR","Euro","0","Units",,,43759.6982274094,,
"IRL","Ireland","CPNCU","Current prices in NCU","2015","2015","EUR","Euro","0","Units",,,44173.3053227506,,
"IRL","Ireland","CPNCU","Current prices in NCU","2016","2016","EUR","Euro","0","Units",,,44992.3699533484,,
"IRL","Ireland","CPNCU","Current prices in NCU","2017","2017","EUR","Euro","0","Units",,,45996.7413222913,,
"IRL","Ireland","CPNCU","Current prices in NCU","2018","2018","EUR","Euro","0","Units",,,47216.7870399235,,
"IRL","Ireland","CPNCU","Current prices in NCU","2019","2019","EUR","Euro","0","Units",,,49242.9884000959,,
"IRL","Ireland","CPNCU","Current prices in NCU","2020","2020","EUR","Euro","0","Units",,,49296.4375231437,,
"ITA","Italy","CPNCU","Current prices in NCU","2009","2009","EUR","Euro","0","Units",,,27144.9649897802,,
"ITA","Italy","CPNCU","Current prices in NCU","2010","2010","EUR","Euro","0","Units",,,27810.2724186481,,
"ITA","Italy","CPNCU","Current prices in NCU","2011","2011","EUR","Euro","0","Units",,,28163.6227706334,,
"ITA","Italy","CPNCU","Current prices in NCU","2012","2012","EUR","Euro","0","Units",,,27990.91415966,,
"ITA","Italy","CPNCU","Current prices in NCU","2013","2013","EUR","Euro","0","Units",,,28391.0799368011,,
"ITA","Italy","CPNCU","Current prices in NCU","2014","2014","EUR","Euro","0","Units",,,28571.0688879265,,
"ITA","Italy","CPNCU","Current prices in NCU","2015","2015","EUR","Euro","0","Units",,,28867.1313650671,,
"ITA","Italy","CPNCU","Current prices in NCU","2016","2016","EUR","Euro","0","Units",,,29126.1654392034,,
"ITA","Italy","CPNCU","Current prices in NCU","2017","2017","EUR","Euro","0","Units",,,29247.817836135,,
"ITA","Italy","CPNCU","Current prices in NCU","2018","2018","EUR","Euro","0","Units",,,29563.5747710882,,
"ITA","Italy","CPNCU","Current prices in NCU","2019","2019","EUR","Euro","0","Units",,,29828.2301475404,,
"ITA","Italy","CPNCU","Current prices in NCU","2020","2020","EUR","Euro","0","Units",,,27997.0223101223,,
"LUX","Luxembourg","CPNCU","Current prices in NCU","2009","2009","EUR","Euro","0","Units",,,53976.9767409013,,
"LUX","Luxembourg","CPNCU","Current prices in NCU","2010","2010","EUR","Euro","0","Units",,,55133.350082942,,
"LUX","Luxembourg","CPNCU","Current prices in NCU","2011","2011","EUR","Euro","0","Units",,,55944.2946793956,,
"LUX","Luxembourg","CPNCU","Current prices in NCU","2012","2012","EUR","Euro","0","Units",,,56614.3264507814,,
"LUX","Luxembourg","CPNCU","Current prices in NCU","2013","2013","EUR","Euro","0","Units",,,58116.4253211292,,
"LUX","Luxembourg","CPNCU","Current prices in NCU","2014","2014","EUR","Euro","0","Units",,,60546.6944804997,,
"LUX","Luxembourg","CPNCU","Current prices in NCU","2015","2015","EUR","Euro","0","Units",,,61409.5075747761,,
"LUX","Luxembourg","CPNCU","Current prices in NCU","2016","2016","EUR","Euro","0","Units",,,61733.4870428501,,
"LUX","Luxembourg","CPNCU","Current prices in NCU","2017","2017","EUR","Euro","0","Units",,,63809.1704505951,,
"LUX","Luxembourg","CPNCU","Current prices in NCU","2018","2018","EUR","Euro","0","Units",,,65229.2902085457,,
"LUX","Luxembourg","CPNCU","Current prices in NCU","2019","2019","EUR","Euro","0","Units",,,65887.4084347626,,
"LUX","Luxembourg","CPNCU","Current prices in NCU","2020","2020","EUR","Euro","0","Units",,,65587.9611315916,,
"NLD","Netherlands","CPNCU","Current prices in NCU","2009","2009","EUR","Euro","0","Units",,,42147.5244443453,,
"NLD","Netherlands","CPNCU","Current prices in NCU","2010","2010","EUR","Euro","0","Units",,,42856.3024415469,,
"NLD","Netherlands","CPNCU","Current prices in NCU","2011","2011","EUR","Euro","0","Units",,,43493.36085288,,
"NLD","Netherlands","CPNCU","Current prices in NCU","2012","2012","EUR","Euro","0","Units",,,44232.5958687746,,
"NLD","Netherlands","CPNCU","Current prices in NCU","2013","2013","EUR","Euro","0","Units",,,45306.2688602096,,
"NLD","Netherlands","CPNCU","Current prices in NCU","2014","2014","EUR","Euro","0","Units",,,45461.7406806314,,
"NLD","Netherlands","CPNCU","Current prices in NCU","2015","2015","EUR","Euro","0","Units",,,46067.4482367325,,
"NLD","Netherlands","CPNCU","Current prices in NCU","2016","2016","EUR","Euro","0","Units",,,46491.3236467591,,
"NLD","Netherlands","CPNCU","Current prices in NCU","2017","2017","EUR","Euro","0","Units",,,46777.723581415,,
"NLD","Netherlands","CPNCU","Current prices in NCU","2018","2018","EUR","Euro","0","Units",,,47315.2933255193,,
"NLD","Netherlands","CPNCU","Current prices in NCU","2019","2019","EUR","Euro","0","Units",,,48342.4014752475,,
"NLD","Netherlands","CPNCU","Current prices in NCU","2020","2020","EUR","Euro","0","Units",,,50172.624733804,,
"POL","Poland","CPNCU","Current prices in NCU","2009","2009","PLN","Zloty","0","Units",,,38471.1491224393,,
"POL","Poland","CPNCU","Current prices in NCU","2010","2010","PLN","Zloty","0","Units",,,40526.2893927319,,
"POL","Poland","CPNCU","Current prices in NCU","2011","2011","PLN","Zloty","0","Units",,,42496.8642589978,,
"POL","Poland","CPNCU","Current prices in NCU","2012","2012","PLN","Zloty","0","Units",,,43478.3531462859,,
"POL","Poland","CPNCU","Current prices in NCU","2013","2013","PLN","Zloty","0","Units",,,44136.8160319487,,
"POL","Poland","CPNCU","Current prices in NCU","2014","2014","PLN","Zloty","0","Units",,,45021.4210498987,,
"POL","Poland","CPNCU","Current prices in NCU","2015","2015","PLN","Zloty","0","Units",,,45717.2239323776,,
"POL","Poland","CPNCU","Current prices in NCU","2016","2016","PLN","Zloty","0","Units",,,47799.0984218599,,
"POL","Poland","CPNCU","Current prices in NCU","2017","2017","PLN","Zloty","0","Units",,,50828.4103217898,,
"POL","Poland","CPNCU","Current prices in NCU","2018","2018","PLN","Zloty","0","Units",,,55179.689597075,,
"POL","Poland","CPNCU","Current prices in NCU","2019","2019","PLN","Zloty","0","Units",,,59763.5795922214,,
"POL","Poland","CPNCU","Current prices in NCU","2020","2020","PLN","Zloty","0","Units",,,62809.9318823876,,
"PRT","Portugal","CPNCU","Current prices in NCU","2009","2009","EUR","Euro","0","Units",,,16515.0606542137,,
"PRT","Portugal","CPNCU","Current prices in NCU","2010","2010","EUR","Euro","0","Units",,,16748.4651891862,,
"PRT","Portugal","CPNCU","Current prices in NCU","2011","2011","EUR","Euro","0","Units",,,16622.7848277965,,
"PRT","Portugal","CPNCU","Current prices in NCU","2012","2012","EUR","Euro","0","Units",,,16197.4171692818,,
"PRT","Portugal","CPNCU","Current prices in NCU","2013","2013","EUR","Euro","0","Units",,,16636.5346336808,,
"PRT","Portugal","CPNCU","Current prices in NCU","2014","2014","EUR","Euro","0","Units",,,16387.3129225252,,
"PRT","Portugal","CPNCU","Current prices in NCU","2015","2015","EUR","Euro","0","Units",,,16482.5151170442,,
"PRT","Portugal","CPNCU","Current prices in NCU","2016","2016","EUR","Euro","0","Units",,,16549.4906751515,,
"PRT","Portugal","CPNCU","Current prices in NCU","2017","2017","EUR","Euro","0","Units",,,16884.8670801074,,
"PRT","Portugal","CPNCU","Current prices in NCU","2018","2018","EUR","Euro","0","Units",,,17431.285481055,,
"PRT","Portugal","CPNCU","Current prices in NCU","2019","2019","EUR","Euro","0","Units",,,18059.240523009,,
"PRT","Portugal","CPNCU","Current prices in NCU","2020","2020","EUR","Euro","0","Units",,,18509.3387223291,,
"SVK","Slovak Republic","CPNCU","Current prices in NCU","2009","2009","EUR","Euro","0","Units",,,10323.6581213263,,
"SVK","Slovak Republic","CPNCU","Current prices in NCU","2010","2010","EUR","Euro","0","Units",,,10883.4016859344,,
"SVK","Slovak Republic","CPNCU","Current prices in NCU","2011","2011","EUR","Euro","0","Units",,,11206.7122948912,,
"SVK","Slovak Republic","CPNCU","Current prices in NCU","2012","2012","EUR","Euro","0","Units",,,11449.2532891304,,
"SVK","Slovak Republic","CPNCU","Current prices in NCU","2013","2013","EUR","Euro","0","Units",,,11686.8911170292,,
"SVK","Slovak Republic","CPNCU","Current prices in NCU","2014","2014","EUR","Euro","0","Units",,,11905.0883986565,,
"SVK","Slovak Republic","CPNCU","Current prices in NCU","2015","2015","EUR","Euro","0","Units",,,12366.1443662502,,
"SVK","Slovak Republic","CPNCU","Current prices in NCU","2016","2016","EUR","Euro","0","Units",,,12724.5676706223,,
"SVK","Slovak Republic","CPNCU","Current prices in NCU","2017","2017","EUR","Euro","0","Units",,,13276.1542580598,,
"SVK","Slovak Republic","CPNCU","Current prices in NCU","2018","2018","EUR","Euro","0","Units",,,13971.672270558,,
"SVK","Slovak Republic","CPNCU","Current prices in NCU","2019","2019","EUR","Euro","0","Units",,,14824.6546857626,,
"SVK","Slovak Republic","CPNCU","Current prices in NCU","2020","2020","EUR","Euro","0","Units",,,15274.6190554203,,
"ESP","Spain","CPNCU","Current prices in NCU","2009","2009","EUR","Euro","0","Units",,,26090.9787485671,,
"ESP","Spain","CPNCU","Current prices in NCU","2010","2010","EUR","Euro","0","Units",,,26356.6579776686,,
"ESP","Spain","CPNCU","Current prices in NCU","2011","2011","EUR","Euro","0","Units",,,26494.0565833854,,
"ESP","Spain","CPNCU","Current prices in NCU","2012","2012","EUR","Euro","0","Units",,,26280.4890033113,,
"ESP","Spain","CPNCU","Current prices in NCU","2013","2013","EUR","Euro","0","Units",,,26534.7628846451,,
"ESP","Spain","CPNCU","Current prices in NCU","2014","2014","EUR","Euro","0","Units",,,26486.5062415252,,
"ESP","Spain","CPNCU","Current prices in NCU","2015","2015","EUR","Euro","0","Units",,,26857.2506714941,,
"ESP","Spain","CPNCU","Current prices in NCU","2016","2016","EUR","Euro","0","Units",,,26749.2843963365,,
"ESP","Spain","CPNCU","Current prices in NCU","2017","2017","EUR","Euro","0","Units",,,26805.4032384958,,
"ESP","Spain","CPNCU","Current prices in NCU","2018","2018","EUR","Euro","0","Units",,,26999.0017677674,,
"ESP","Spain","CPNCU","Current prices in NCU","2019","2019","EUR","Euro","0","Units",,,27283.5937666498,,
"ESP","Spain","CPNCU","Current prices in NCU","2020","2020","EUR","Euro","0","Units",,,26536.6300197304,,
"SWE","Sweden","CPNCU","Current prices in NCU","2009","2009","SEK","Swedish Krona","0","Units",,,340613.881353254,,
"SWE","Sweden","CPNCU","Current prices in NCU","2010","2010","SEK","Swedish Krona","0","Units",,,349079.534205331,,
"SWE","Sweden","CPNCU","Current prices in NCU","2011","2011","SEK","Swedish Krona","0","Units",,,359256.060400374,,
"SWE","Sweden","CPNCU","Current prices in NCU","2012","2012","SEK","Swedish Krona","0","Units",,,369079.291734814,,
"SWE","Sweden","CPNCU","Current prices in NCU","2013","2013","SEK","Swedish Krona","0","Units",,,375719.566779766,,
"SWE","Sweden","CPNCU","Current prices in NCU","2014","2014","SEK","Swedish Krona","0","Units",,,384048.500971135,,
"SWE","Sweden","CPNCU","Current prices in NCU","2015","2015","SEK","Swedish Krona","0","Units",,,393642.719497303,,
"SWE","Sweden","CPNCU","Current prices in NCU","2016","2016","SEK","Swedish Krona","0","Units",,,403349.735700619,,
"SWE","Sweden","CPNCU","Current prices in NCU","2017","2017","SEK","Swedish Krona","0","Units",,,412943.330481106,,
"SWE","Sweden","CPNCU","Current prices in NCU","2018","2018","SEK","Swedish Krona","0","Units",,,425297.416109086,,
"SWE","Sweden","CPNCU","Current prices in NCU","2019","2019","SEK","Swedish Krona","0","Units",,,438377.184354955,,
"SWE","Sweden","CPNCU","Current prices in NCU","2020","2020","SEK","Swedish Krona","0","Units",,,449059.26735019,,
"SVN","Slovenia","CPNCU","Current prices in NCU","2009","2009","EUR","Euro","0","Units",,,20627.257155131,,
"SVN","Slovenia","CPNCU","Current prices in NCU","2010","2010","EUR","Euro","0","Units",,,21539.4185381051,,
"SVN","Slovenia","CPNCU","Current prices in NCU","2011","2011","EUR","Euro","0","Units",,,21850.8458311611,,
"SVN","Slovenia","CPNCU","Current prices in NCU","2012","2012","EUR","Euro","0","Units",,,21545.0546360345,,
"SVN","Slovenia","CPNCU","Current prices in NCU","2013","2013","EUR","Euro","0","Units",,,21675.9960612549,,
"SVN","Slovenia","CPNCU","Current prices in NCU","2014","2014","EUR","Euro","0","Units",,,22004.2698805644,,
"SVN","Slovenia","CPNCU","Current prices in NCU","2015","2015","EUR","Euro","0","Units",,,22332.4158847475,,
"SVN","Slovenia","CPNCU","Current prices in NCU","2016","2016","EUR","Euro","0","Units",,,23109.6221133093,,
"SVN","Slovenia","CPNCU","Current prices in NCU","2017","2017","EUR","Euro","0","Units",,,23887.7247981973,,
"SVN","Slovenia","CPNCU","Current prices in NCU","2018","2018","EUR","Euro","0","Units",,,24781.9713416951,,
"SVN","Slovenia","CPNCU","Current prices in NCU","2019","2019","EUR","Euro","0","Units",,,25851.0026706436,,
"SVN","Slovenia","CPNCU","Current prices in NCU","2020","2020","EUR","Euro","0","Units",,,26269.0704798383,,
"EST","Estonia","CPNCU","Current prices in NCU","2009","2009","EUR","Euro","0","Units",,,10447.3806851673,,
"EST","Estonia","CPNCU","Current prices in NCU","2010","2010","EUR","Euro","0","Units",,,10785.993323406,,
"EST","Estonia","CPNCU","Current prices in NCU","2011","2011","EUR","Euro","0","Units",,,11061.1456494234,,
"EST","Estonia","CPNCU","Current prices in NCU","2012","2012","EUR","Euro","0","Units",,,11670.0886523928,,
"EST","Estonia","CPNCU","Current prices in NCU","2013","2013","EUR","Euro","0","Units",,,12310.3961492417,,
"EST","Estonia","CPNCU","Current prices in NCU","2014","2014","EUR","Euro","0","Units",,,13059.8656954642,,
"EST","Estonia","CPNCU","Current prices in NCU","2015","2015","EUR","Euro","0","Units",,,13619.0568222269,,
"EST","Estonia","CPNCU","Current prices in NCU","2016","2016","EUR","Euro","0","Units",,,13961.9340074544,,
"EST","Estonia","CPNCU","Current prices in NCU","2017","2017","EUR","Euro","0","Units",,,15316.1505050657,,
"EST","Estonia","CPNCU","Current prices in NCU","2018","2018","EUR","Euro","0","Units",,,16774.9250825574,,
"EST","Estonia","CPNCU","Current prices in NCU","2019","2019","EUR","Euro","0","Units",,,18450.7512209435,,
"EST","Estonia","CPNCU","Current prices in NCU","2020","2020","EUR","Euro","0","Units",,,18805.2554384046,,
"LVA","Latvia","CPNCU","Current prices in NCU","2009","2009","EUR","Euro","0","Units",,,9415.54085186922,,
"LVA","Latvia","CPNCU","Current prices in NCU","2010","2010","EUR","Euro","0","Units",,,8830.00801214513,,
"LVA","Latvia","CPNCU","Current prices in NCU","2011","2011","EUR","Euro","0","Units",,,9039.28384190061,,
"LVA","Latvia","CPNCU","Current prices in NCU","2012","2012","EUR","Euro","0","Units",,,9716.2595558119,,
"LVA","Latvia","CPNCU","Current prices in NCU","2013","2013","EUR","Euro","0","Units",,,10208.2946349959,,
"LVA","Latvia","CPNCU","Current prices in NCU","2014","2014","EUR","Euro","0","Units",,,11077.1624438857,,
"LVA","Latvia","CPNCU","Current prices in NCU","2015","2015","EUR","Euro","0","Units",,,11944.5337655353,,
"LVA","Latvia","CPNCU","Current prices in NCU","2016","2016","EUR","Euro","0","Units",,,12802.5021579874,,
"LVA","Latvia","CPNCU","Current prices in NCU","2017","2017","EUR","Euro","0","Units",,,13700.0598962203,,
"LVA","Latvia","CPNCU","Current prices in NCU","2018","2018","EUR","Euro","0","Units",,,14633.7920638893,,
"LVA","Latvia","CPNCU","Current prices in NCU","2019","2019","EUR","Euro","0","Units",,,15919.7193403086,,
"LVA","Latvia","CPNCU","Current prices in NCU","2020","2020","EUR","Euro","0","Units",,,16740.7140159681,,
"LTU","Lithuania","CPNCU","Current prices in NCU","2009","2009","EUR","Euro","0","Units",,,8259.89744121592,,
"LTU","Lithuania","CPNCU","Current prices in NCU","2010","2010","EUR","Euro","0","Units",,,8405.23141822147,,
"LTU","Lithuania","CPNCU","Current prices in NCU","2011","2011","EUR","Euro","0","Units",,,8965.52000525633,,
"LTU","Lithuania","CPNCU","Current prices in NCU","2012","2012","EUR","Euro","0","Units",,,9400.5096034795,,
"LTU","Lithuania","CPNCU","Current prices in NCU","2013","2013","EUR","Euro","0","Units",,,9852.38776288153,,
"LTU","Lithuania","CPNCU","Current prices in NCU","2014","2014","EUR","Euro","0","Units",,,10289.3742400024,,
"LTU","Lithuania","CPNCU","Current prices in NCU","2015","2015","EUR","Euro","0","Units",,,10850.0773562626,,
"LTU","Lithuania","CPNCU","Current prices in NCU","2016","2016","EUR","Euro","0","Units",,,11537.087770936,,
"LTU","Lithuania","CPNCU","Current prices in NCU","2017","2017","EUR","Euro","0","Units",,,12612.8501092328,,
"LTU","Lithuania","CPNCU","Current prices in NCU","2018","2018","EUR","Euro","0","Units",,,13529.8243258532,,
"LTU","Lithuania","CPNCU","Current prices in NCU","2019","2019","EUR","Euro","0","Units",,,14880.4798983823,,
"LTU","Lithuania","CPNCU","Current prices in NCU","2020","2020","EUR","Euro","0","Units",,,16075.3606761526,,
